path,bytes,sha256
01_PREVIOUS_PROJECT_FILES/01_FINAL_REPOSITORY/OpenWing-UAV-v1.0/.gitattributes,791,d8171483f2a2970e186cd31c6550588a3762bdc0b7dc5df95d9cc67ee1d46b1c
01_PREVIOUS_PROJECT_FILES/01_FINAL_REPOSITORY/OpenWing-UAV-v1.0/.github/ISSUE_TEMPLATE/engineering-defect.yml,716,5c4aaecbfb803a5c70f74ab649f3d5e7b6353a4190155eb9af9f6cac23d2e478
01_PREVIOUS_PROJECT_FILES/01_FINAL_REPOSITORY/OpenWing-UAV-v1.0/.github/ISSUE_TEMPLATE/enhancement.yml,434,6d388356f061587890eeb5a462e23a904686cc2d5656cc4f16b3fc0f8c469356
01_PREVIOUS_PROJECT_FILES/01_FINAL_REPOSITORY/OpenWing-UAV-v1.0/.github/PULL_REQUEST_TEMPLATE.md,445,fdbaf18d6773b47f32e0721db2aed0877d422d8daacc7b35d328337315f07062
01_PREVIOUS_PROJECT_FILES/01_FINAL_REPOSITORY/OpenWing-UAV-v1.0/.github/workflows/validate.yml,686,862297188a7798870600d64565cf4189c0251453f997dc8f5e013e4f40561e00
01_PREVIOUS_PROJECT_FILES/01_FINAL_REPOSITORY/OpenWing-UAV-v1.0/.gitignore,438,cf620fb4ffbda88d1a4b5770e1fd68fe651136881010dde9299f31c638105606
01_PREVIOUS_PROJECT_FILES/01_FINAL_REPOSITORY/OpenWing-UAV-v1.0/BUILD_SUMMARY.json,287,5cb19698eda6bee61743c883b4d971468d287f6fbc29e63ea382852283daa60d
01_PREVIOUS_PROJECT_FILES/01_FINAL_REPOSITORY/OpenWing-UAV-v1.0/CHANGELOG.md,1246,ace1519a789c58dd95fe16971ddb7463340847b4a6c544ef9b325e85f2774ee0
01_PREVIOUS_PROJECT_FILES/01_FINAL_REPOSITORY/OpenWing-UAV-v1.0/CITATION.cff,597,0c34f7576b3bddb3d9fafc7b2dd45705cbc49d6fe71858b08aece07cd0900774
01_PREVIOUS_PROJECT_FILES/01_FINAL_REPOSITORY/OpenWing-UAV-v1.0/CODE_OF_CONDUCT.md,227,58173b0f7c1804ebe75aca1167dfd576506b99f4c9c17bbad5c4086c6c90eb23
01_PREVIOUS_PROJECT_FILES/01_FINAL_REPOSITORY/OpenWing-UAV-v1.0/CONTRIBUTING.md,1047,73a1309b1675ddc6ae74132a0cb76d90159e38122cc11d6ee9dc2d2ba7047645
01_PREVIOUS_PROJECT_FILES/01_FINAL_REPOSITORY/OpenWing-UAV-v1.0/GOVERNANCE.md,408,3acdb62ec724a78c046ca2bf6661c82f513af05d49e084fef62bbe70b201af8f
01_PREVIOUS_PROJECT_FILES/01_FINAL_REPOSITORY/OpenWing-UAV-v1.0/LICENSE,1068,5a6434b454d564f348e3850e3b50c15e26f00c7d80acb72f57ab0053c8efe8a6
01_PREVIOUS_PROJECT_FILES/01_FINAL_REPOSITORY/OpenWing-UAV-v1.0/LICENSES/README.md,467,fab20bb49c4d366b20c00168dc00c9ad6c05b2e628fcbf7fcb4b6501f702f001
01_PREVIOUS_PROJECT_FILES/01_FINAL_REPOSITORY/OpenWing-UAV-v1.0/Makefile,232,e843b3b95929d3692cbf022e90d2a773816db1543f1693ff14ab04d6a15457a5
01_PREVIOUS_PROJECT_FILES/01_FINAL_REPOSITORY/OpenWing-UAV-v1.0/PROJECT_STATUS.md,784,aa740113ff386eb8917e1059b9f3f2da136d6cec8069d3ce2b28690076a5fd5f
01_PREVIOUS_PROJECT_FILES/01_FINAL_REPOSITORY/OpenWing-UAV-v1.0/README.md,5616,1a8dc6cc0c666d0aff84964c8fb90031b0dff1a2a3ba2bbff2ffa9d01086f590
01_PREVIOUS_PROJECT_FILES/01_FINAL_REPOSITORY/OpenWing-UAV-v1.0/ROADMAP.md,914,118ea34a9f1a224ca6b8f2060a6d930e60e66fd255114f78e1926c91d44406c8
01_PREVIOUS_PROJECT_FILES/01_FINAL_REPOSITORY/OpenWing-UAV-v1.0/SECURITY.md,503,91e2a1fb52459afe1fa3b1fbbcbd1a42d3a8aea730316367fd755ad4710cf452
01_PREVIOUS_PROJECT_FILES/01_FINAL_REPOSITORY/OpenWing-UAV-v1.0/VERSION,6,59854984853104df5c353e2f681a15fc7924742f9a2e468c29af248dce45ce03
01_PREVIOUS_PROJECT_FILES/01_FINAL_REPOSITORY/OpenWing-UAV-v1.0/cad/README.md,191,904a4c8dafad5429412724c1984871de351a837d139cb619878c268f4c3ba9fa
01_PREVIOUS_PROJECT_FILES/01_FINAL_REPOSITORY/OpenWing-UAV-v1.0/cam/README.md,191,8a916f9487ac9696136cf3ae6cc3ab26687472488b508d26d97f851b845ae103
01_PREVIOUS_PROJECT_FILES/01_FINAL_REPOSITORY/OpenWing-UAV-v1.0/config/project.json,1419,e159a2bee1eecb441d1d9175a8e6c360c3d3f72c0101961b282342f6406f6b8f
01_PREVIOUS_PROJECT_FILES/01_FINAL_REPOSITORY/OpenWing-UAV-v1.0/data/results/README.md,350,cb2987694a189177d874ee2ee1b73319ce01ca16f27009e451038c1cf1a8b017
01_PREVIOUS_PROJECT_FILES/01_FINAL_REPOSITORY/OpenWing-UAV-v1.0/data/templates/OWU_Aileron_Hinge_Servo_Results_Template.csv,851,b099b28adebe8109f1b1238a63a2de5cdcbe74eaf34f4c4053fc6159f18e7048
01_PREVIOUS_PROJECT_FILES/01_FINAL_REPOSITORY/OpenWing-UAV-v1.0/data/templates/OWU_Buckling_Results_Template.csv,2620,82065ef0bbdf6e83ae3d4a0a9ac52278c3c4a298c2243c66de93c8eb12e5919e
01_PREVIOUS_PROJECT_FILES/01_FINAL_REPOSITORY/OpenWing-UAV-v1.0/data/templates/OWU_Candidate_Trade_Study.csv,1156,4be6e008ebcdc0f85834f84d32ee70a30ae13b84814c5d8d6d7718920378fa19
01_PREVIOUS_PROJECT_FILES/01_FINAL_REPOSITORY/OpenWing-UAV-v1.0/data/templates/OWU_Design_Variables_v0.7.csv,2519,ed4eb1660047150d39b86c17c7a095cab0aa0f67237bdd819c9993396074b929
01_PREVIOUS_PROJECT_FILES/01_FINAL_REPOSITORY/OpenWing-UAV-v1.0/data/templates/OWU_FEA_Experiment_Correlation_Template.csv,1025,b1d00bda5de6fe7e536ea74bdc79553fa37467c642e13fda506ae53f3d7a1624
01_PREVIOUS_PROJECT_FILES/01_FINAL_REPOSITORY/OpenWing-UAV-v1.0/data/templates/OWU_Fatigue_Mission_Block_Template.csv,1398,1f396db8e9feb48f0c2f3233b652be734a055221445fe37549ab5276e4e0c9fc
01_PREVIOUS_PROJECT_FILES/01_FINAL_REPOSITORY/OpenWing-UAV-v1.0/data/templates/OWU_Load_Case_Matrix_v0.6.4.csv,3554,cda329efb60c80745383c6ed5b4050f2499ef850dc52f1177d3c17b0e028ae0b
01_PREVIOUS_PROJECT_FILES/01_FINAL_REPOSITORY/OpenWing-UAV-v1.0/data/templates/OWU_Modal_Results_Template.csv,3627,3a3c35f0c17c3e4ddece33a02aa41f56c41aa0ddcb0457f018e53a984be3f0ae
01_PREVIOUS_PROJECT_FILES/01_FINAL_REPOSITORY/OpenWing-UAV-v1.0/data/templates/OWU_Modal_Test_Template.csv,1117,30ef00411484e3845f523b3b1616d65c7f5d6eb904e7c37420ae870482be3417
01_PREVIOUS_PROJECT_FILES/01_FINAL_REPOSITORY/OpenWing-UAV-v1.0/data/templates/OWU_Model_Updating_Register.csv,936,9566838d1143d12c09c8b4ca6e2a73eb05adc595b2b1981394f069ce5dd3648c
01_PREVIOUS_PROJECT_FILES/01_FINAL_REPOSITORY/OpenWing-UAV-v1.0/data/templates/OWU_Nonlinear_Postbuckling_Template.csv,1766,5f09b496e7309f034c0be8ae2a40be258e8fa21021e0be866edcb446d9377d41
01_PREVIOUS_PROJECT_FILES/01_FINAL_REPOSITORY/OpenWing-UAV-v1.0/data/templates/OWU_Optimisation_Goals_Constraints.csv,2453,845a65b6a329eaf8818610c5d4d7bb7c328669c12396a4a1a93dd17b7b6b9c5c
01_PREVIOUS_PROJECT_FILES/01_FINAL_REPOSITORY/OpenWing-UAV-v1.0/data/templates/OWU_Optimisation_Results_Template.csv,392,bafdd730f1a8d67263c21d933e5b6999dc0c2e3ab7ba5ac4bdf65df3d974a1c2
01_PREVIOUS_PROJECT_FILES/01_FINAL_REPOSITORY/OpenWing-UAV-v1.0/data/templates/OWU_Prototype_Test_Matrix.csv,4806,38cab3d0e1e8d1521f6cda0706c0b50ce451dd6f06cc8656ff8dca370dd6acd2
01_PREVIOUS_PROJECT_FILES/01_FINAL_REPOSITORY/OpenWing-UAV-v1.0/data/templates/OWU_Root_Interface_Force_Template.csv,810,86cdfa22b916848c26a23c576bf826e30057af0f5bbc5ee8cb48cf2d52feb828
01_PREVIOUS_PROJECT_FILES/01_FINAL_REPOSITORY/OpenWing-UAV-v1.0/data/templates/OWU_Rotating_Excitation_Map.csv,3774,062373b5a0eb4b67138014487c48ded9cf36f769ac14e09fe83a466a4954f335
01_PREVIOUS_PROJECT_FILES/01_FINAL_REPOSITORY/OpenWing-UAV-v1.0/data/templates/OWU_SW_NegativeUltimate_LoadBands.csv,710,bc4ffb7d983c7a5223bf828b814934fd244f82380047e7b80aed5d9b0ec4065a
01_PREVIOUS_PROJECT_FILES/01_FINAL_REPOSITORY/OpenWing-UAV-v1.0/data/templates/OWU_SW_PositiveUltimate_LoadBands.csv,1066,2282a2acf491752e392b4b54f66bb7dc374465817301891f930c1a534d12510b
01_PREVIOUS_PROJECT_FILES/01_FINAL_REPOSITORY/OpenWing-UAV-v1.0/data/templates/OWU_Static_Distributed_Load_Plan.csv,7763,70b5ce90c258905f059c28a58f2804700f74de37c5535d60c2f0ab1d5e705ecb
01_PREVIOUS_PROJECT_FILES/01_FINAL_REPOSITORY/OpenWing-UAV-v1.0/data/templates/OWU_Static_Load_Test_Steps.csv,8595,61bff0481fe33dba84d536494b831474903d7f033d2e5eff3a7e0f137c195659
01_PREVIOUS_PROJECT_FILES/01_FINAL_REPOSITORY/OpenWing-UAV-v1.0/data/templates/OWU_v1.0_Evidence_Index.csv,1366,c0c1df515215f0d9de1fb440e9277cc739656c24d200352215b49f74fce0c54c
01_PREVIOUS_PROJECT_FILES/01_FINAL_REPOSITORY/OpenWing-UAV-v1.0/data/templates/OWU_v1.0_Release_Checklist.csv,1230,b335007a4f74ac8dc3279cf910e0213c0ca6eaa6ac8eb888251e2497108bdd45
01_PREVIOUS_PROJECT_FILES/01_FINAL_REPOSITORY/OpenWing-UAV-v1.0/data/templates/OWU_v1.0_Verification_Matrix.csv,2375,c953b9f57cad5b0b114a62b4041c6542cc8f1ad5707f8b9f1484a9e2b4499582
01_PREVIOUS_PROJECT_FILES/01_FINAL_REPOSITORY/OpenWing-UAV-v1.0/docs/.nojekyll,0,e3b0c44298fc1c149afbf4c8996fb92427ae41e4649b934ca495991b7852b855
01_PREVIOUS_PROJECT_FILES/01_FINAL_REPOSITORY/OpenWing-UAV-v1.0/docs/assets/app.js,2575,6870161a20e4c4bffc7ae822dedfca7c622860d8e9759a0702e84eca549af0fa
01_PREVIOUS_PROJECT_FILES/01_FINAL_REPOSITORY/OpenWing-UAV-v1.0/docs/assets/project-data.json,6476,bce3de4e66836861af634a93000f8a1e206aa90762f2945250ef1ddc7d00ff89
01_PREVIOUS_PROJECT_FILES/01_FINAL_REPOSITORY/OpenWing-UAV-v1.0/docs/assets/style.css,3934,0b78268bd97832150b5b17bb3c267bf5a7bb353be5691c073d68fa3f148672d4
01_PREVIOUS_PROJECT_FILES/01_FINAL_REPOSITORY/OpenWing-UAV-v1.0/docs/assets/wing.png,19999,e7c076a6423d218a8f6864295c99d5208a3c2a959d2e504685c1135b4afa744b
01_PREVIOUS_PROJECT_FILES/01_FINAL_REPOSITORY/OpenWing-UAV-v1.0/docs/assets/wing.svg,1158,6d9a8a99b7e08565dbf87a1639a8c43c57153f81b2f4e5a7999d69c041e68bda
01_PREVIOUS_PROJECT_FILES/01_FINAL_REPOSITORY/OpenWing-UAV-v1.0/docs/index.html,3633,98906baab0710b69e39c23f65210c7312cec909fb6478df005cd1cc591170f9a
01_PREVIOUS_PROJECT_FILES/01_FINAL_REPOSITORY/OpenWing-UAV-v1.0/docs/portfolio/portfolio-presentation-outline.md,660,5bc88af4ca995316156a5973551c5e2f683cd634b69f3cec27c2dd164a320d0e
01_PREVIOUS_PROJECT_FILES/01_FINAL_REPOSITORY/OpenWing-UAV-v1.0/docs/release/final-release.md,1065,c43cc8379888f07bdefa9200d745ece8544e139ab03140be1ebe34fdc2139d77
01_PREVIOUS_PROJECT_FILES/01_FINAL_REPOSITORY/OpenWing-UAV-v1.0/optimisation/README.md,209,6f6d97d6685d66322c9568b94ec6c620e68052656afcce1eee796e200a910abd
01_PREVIOUS_PROJECT_FILES/01_FINAL_REPOSITORY/OpenWing-UAV-v1.0/prototype/README.md,225,55b9a3183576f261c777504cb34880d955c3484af8b55dc52beb9ed23fd5083e
01_PREVIOUS_PROJECT_FILES/01_FINAL_REPOSITORY/OpenWing-UAV-v1.0/release/README.md,337,8e99c7a42a6241ce57198fde516b70feeb77e37ed37c87764dfdc7fa7c3aaa01
01_PREVIOUS_PROJECT_FILES/01_FINAL_REPOSITORY/OpenWing-UAV-v1.0/release/manifest.csv,556,eb1b83f06088e5357a7311e915c5740fc711fc14d274b8b110ad6c2c3685ec76
01_PREVIOUS_PROJECT_FILES/01_FINAL_REPOSITORY/OpenWing-UAV-v1.0/release/manifest.json,972,cea0671606ffa074de3c923dc192529cab2b29d5f0cc96271a7d9090d23cf0fa
01_PREVIOUS_PROJECT_FILES/01_FINAL_REPOSITORY/OpenWing-UAV-v1.0/release/v1.0/RELEASE_NOTES_v1.0.md,1364,a2e7c16d55f566faa12faa7c91d12842319945d5deba0e7be05a9a43ea162299
01_PREVIOUS_PROJECT_FILES/01_FINAL_REPOSITORY/OpenWing-UAV-v1.0/release/v1.0/verification/OWU_v1.0_Evidence_Index.csv,1366,c0c1df515215f0d9de1fb440e9277cc739656c24d200352215b49f74fce0c54c
01_PREVIOUS_PROJECT_FILES/01_FINAL_REPOSITORY/OpenWing-UAV-v1.0/release/v1.0/verification/OWU_v1.0_Release_Checklist.csv,1230,b335007a4f74ac8dc3279cf910e0213c0ca6eaa6ac8eb888251e2497108bdd45
01_PREVIOUS_PROJECT_FILES/01_FINAL_REPOSITORY/OpenWing-UAV-v1.0/release/v1.0/verification/OWU_v1.0_Verification_Matrix.csv,2375,c953b9f57cad5b0b114a62b4041c6542cc8f1ad5707f8b9f1484a9e2b4499582
01_PREVIOUS_PROJECT_FILES/01_FINAL_REPOSITORY/OpenWing-UAV-v1.0/schemas/csv_schemas.json,1655,b8e193ce79e0f21bc879c865934c40095bbfabdef07c5edd2baed92b1ce97a24
01_PREVIOUS_PROJECT_FILES/01_FINAL_REPOSITORY/OpenWing-UAV-v1.0/scripts/build_release_manifest.py,1630,85865570213520f008536f3041e445c8b681210bb0a6a764668c8aff7910fd97
01_PREVIOUS_PROJECT_FILES/01_FINAL_REPOSITORY/OpenWing-UAV-v1.0/scripts/catalog_files.py,1035,d2c9869ed52066938587ffb6b0b4bcd1c69b7c4d77f156f661120f6149073866
01_PREVIOUS_PROJECT_FILES/01_FINAL_REPOSITORY/OpenWing-UAV-v1.0/scripts/generate_dashboard_data.py,2156,80d27183511834dd52a14fdaa04cec91a1a03112474a8ea1ff457c0d1d30a772
01_PREVIOUS_PROJECT_FILES/01_FINAL_REPOSITORY/OpenWing-UAV-v1.0/scripts/release_gate.py,1583,e13394e914f6dd98f1333590d4b2346536549ee78cd0d2f27da088b179a1e177
01_PREVIOUS_PROJECT_FILES/01_FINAL_REPOSITORY/OpenWing-UAV-v1.0/scripts/validate_repository.py,4073,9bf2002a245ccbc665d55a1c5b31124df5512d4a1e0d554d894f5893e2e044a8
01_PREVIOUS_PROJECT_FILES/01_FINAL_REPOSITORY/OpenWing-UAV-v1.0/simulation/README.md,205,3e474f57c7f2c4eb1d93410a7589e721dc5e07df079803b0451984b68f2e9ba9
01_PREVIOUS_PROJECT_FILES/02_PROJECT_ARCHIVES/OpenWing-UAV-v0.1.zip,156541,944335425014a06cdbe9d5dfa95d16b344e21d3f6e43559b3b4a55fb12ffaaa7
01_PREVIOUS_PROJECT_FILES/02_PROJECT_ARCHIVES/OpenWing-UAV-v0.9.zip,42750,c584bef399524823a45a3cd1cef52f8b025aa79ef9cff590628a8521942a2f10
01_PREVIOUS_PROJECT_FILES/02_PROJECT_ARCHIVES/OpenWing-UAV-v1.0.zip,52609,6f626513b10797103db47d276678dc78bd56ab4b0711ac2fe57bb1967e511522
01_PREVIOUS_PROJECT_FILES/03_AIRFOIL_PROFILES_AND_GENERATORS/openwing_airfoil/NACA4412_midspan_200mm_XYZ.txt,5050,143019521aa862194e5abc6f505883aaadc53960adc303d6f35b41e99c0a7876
01_PREVIOUS_PROJECT_FILES/03_AIRFOIL_PROFILES_AND_GENERATORS/openwing_airfoil/NACA4412_root_240mm_XYZ.txt,4706,41642020f99bbc5500d058416dd36ad8aeeb20d27fc2819eb2a5ad469c17373b
01_PREVIOUS_PROJECT_FILES/03_AIRFOIL_PROFILES_AND_GENERATORS/openwing_airfoil/NACA4412_tip_160mm_XYZ.txt,5034,fab0b694b8617292bb4f9cafc3f24dd5e8b51079933c9b5bbc35e38cec72910d
01_PREVIOUS_PROJECT_FILES/03_AIRFOIL_PROFILES_AND_GENERATORS/openwing_airfoil/generate_naca4412_xyz.py,1128,a60199ec5606c7b2b0630192c966cecb278f5f34070136655b4a1df3e1f213f7
01_PREVIOUS_PROJECT_FILES/03_AIRFOIL_PROFILES_AND_GENERATORS/openwing_airfoil/generate_openwing_section_profiles.py,1708,3d9d6d348269ea8f48da2fa862698f8f403d538053425ea925f47e8b6d2a2fb7
01_PREVIOUS_PROJECT_FILES/04_SIMULATION_LOADS_AND_TEMPLATES/openwing_simulation_v0.6.1/OWU_SW_PositiveUltimate_LoadBands.csv,1066,2282a2acf491752e392b4b54f66bb7dc374465817301891f930c1a534d12510b
01_PREVIOUS_PROJECT_FILES/04_SIMULATION_LOADS_AND_TEMPLATES/openwing_simulation_v0.6.1/build_solidworks_load_bands.py,5386,6aed4e9133bc6cad8b9c46a97f27e79bd8ddf1de2964acb8f1e61b32734a55f6
01_PREVIOUS_PROJECT_FILES/04_SIMULATION_LOADS_AND_TEMPLATES/openwing_simulation_v0.6.2/OWU_Root_Interface_Force_Template.csv,810,86cdfa22b916848c26a23c576bf826e30057af0f5bbc5ee8cb48cf2d52feb828
01_PREVIOUS_PROJECT_FILES/04_SIMULATION_LOADS_AND_TEMPLATES/openwing_simulation_v0.6.2/OWU_SW_NegativeUltimate_LoadBands.csv,710,bc4ffb7d983c7a5223bf828b814934fd244f82380047e7b80aed5d9b0ec4065a
01_PREVIOUS_PROJECT_FILES/04_SIMULATION_LOADS_AND_TEMPLATES/openwing_simulation_v0.6.3/OWU_Buckling_Results_Template.csv,2620,82065ef0bbdf6e83ae3d4a0a9ac52278c3c4a298c2243c66de93c8eb12e5919e
01_PREVIOUS_PROJECT_FILES/04_SIMULATION_LOADS_AND_TEMPLATES/openwing_simulation_v0.6.3/OWU_Modal_Results_Template.csv,3627,3a3c35f0c17c3e4ddece33a02aa41f56c41aa0ddcb0457f018e53a984be3f0ae
01_PREVIOUS_PROJECT_FILES/04_SIMULATION_LOADS_AND_TEMPLATES/openwing_simulation_v0.6.3/OWU_Rotating_Excitation_Map.csv,3774,062373b5a0eb4b67138014487c48ded9cf36f769ac14e09fe83a466a4954f335
01_PREVIOUS_PROJECT_FILES/04_SIMULATION_LOADS_AND_TEMPLATES/openwing_simulation_v0.6.3/compare_modes_to_rotating_excitation.py,2980,75e57d506b0e98b12fb5db0473309a673a439aeb8060aa7a4779de4fc3318c15
01_PREVIOUS_PROJECT_FILES/04_SIMULATION_LOADS_AND_TEMPLATES/openwing_simulation_v0.6.4/OWU_Aileron_Hinge_Servo_Results_Template.csv,851,b099b28adebe8109f1b1238a63a2de5cdcbe74eaf34f4c4053fc6159f18e7048
01_PREVIOUS_PROJECT_FILES/04_SIMULATION_LOADS_AND_TEMPLATES/openwing_simulation_v0.6.4/OWU_Fatigue_Mission_Block_Template.csv,1398,1f396db8e9feb48f0c2f3233b652be734a055221445fe37549ab5276e4e0c9fc
01_PREVIOUS_PROJECT_FILES/04_SIMULATION_LOADS_AND_TEMPLATES/openwing_simulation_v0.6.4/OWU_Load_Case_Matrix_v0.6.4.csv,3554,cda329efb60c80745383c6ed5b4050f2499ef850dc52f1177d3c17b0e028ae0b
01_PREVIOUS_PROJECT_FILES/04_SIMULATION_LOADS_AND_TEMPLATES/openwing_simulation_v0.6.4/OWU_Nonlinear_Postbuckling_Template.csv,1766,5f09b496e7309f034c0be8ae2a40be258e8fa21021e0be866edcb446d9377d41
01_PREVIOUS_PROJECT_FILES/04_SIMULATION_LOADS_AND_TEMPLATES/openwing_simulation_v0.6.4/scale_load_bands_by_target.py,1736,0f9099430157184f5ce4c271dce9d9443e60cdfde8e0778f4c184983f5f3b994
01_PREVIOUS_PROJECT_FILES/05_OPTIMISATION_AND_TRADE_STUDIES/openwing_optimisation_v0.7/OWU_Candidate_Trade_Study.csv,1156,4be6e008ebcdc0f85834f84d32ee70a30ae13b84814c5d8d6d7718920378fa19
01_PREVIOUS_PROJECT_FILES/05_OPTIMISATION_AND_TRADE_STUDIES/openwing_optimisation_v0.7/OWU_Design_Variables_v0.7.csv,2519,ed4eb1660047150d39b86c17c7a095cab0aa0f67237bdd819c9993396074b929
01_PREVIOUS_PROJECT_FILES/05_OPTIMISATION_AND_TRADE_STUDIES/openwing_optimisation_v0.7/OWU_Optimisation_Goals_Constraints.csv,2453,845a65b6a329eaf8818610c5d4d7bb7c328669c12396a4a1a93dd17b7b6b9c5c
01_PREVIOUS_PROJECT_FILES/05_OPTIMISATION_AND_TRADE_STUDIES/openwing_optimisation_v0.7/OWU_Optimisation_Results_Template.csv,392,bafdd730f1a8d67263c21d933e5b6999dc0c2e3ab7ba5ac4bdf65df3d974a1c2
01_PREVIOUS_PROJECT_FILES/05_OPTIMISATION_AND_TRADE_STUDIES/openwing_optimisation_v0.7/rank_openwing_candidates.py,4128,c1d47ac1d18860f3444aff0e48216329c8644d8a7869539dcc444a9cbdf96c36
01_PREVIOUS_PROJECT_FILES/06_PROTOTYPE_VALIDATION/openwing_prototype_validation_v0.8/OWU_FEA_Experiment_Correlation_Template.csv,1025,b1d00bda5de6fe7e536ea74bdc79553fa37467c642e13fda506ae53f3d7a1624
01_PREVIOUS_PROJECT_FILES/06_PROTOTYPE_VALIDATION/openwing_prototype_validation_v0.8/OWU_Modal_Test_Template.csv,1117,30ef00411484e3845f523b3b1616d65c7f5d6eb904e7c37420ae870482be3417
01_PREVIOUS_PROJECT_FILES/06_PROTOTYPE_VALIDATION/openwing_prototype_validation_v0.8/OWU_Model_Updating_Register.csv,936,9566838d1143d12c09c8b4ca6e2a73eb05adc595b2b1981394f069ce5dd3648c
01_PREVIOUS_PROJECT_FILES/06_PROTOTYPE_VALIDATION/openwing_prototype_validation_v0.8/OWU_Prototype_Test_Matrix.csv,4806,38cab3d0e1e8d1521f6cda0706c0b50ce451dd6f06cc8656ff8dca370dd6acd2
01_PREVIOUS_PROJECT_FILES/06_PROTOTYPE_VALIDATION/openwing_prototype_validation_v0.8/OWU_Static_Distributed_Load_Plan.csv,7763,70b5ce90c258905f059c28a58f2804700f74de37c5535d60c2f0ab1d5e705ecb
01_PREVIOUS_PROJECT_FILES/06_PROTOTYPE_VALIDATION/openwing_prototype_validation_v0.8/OWU_Static_Load_Test_Steps.csv,8595,61bff0481fe33dba84d536494b831474903d7f033d2e5eff3a7e0f137c195659
01_PREVIOUS_PROJECT_FILES/06_PROTOTYPE_VALIDATION/openwing_prototype_validation_v0.8/calculate_fea_test_correlation.py,1885,6e40548fa5d1a8cc3ebe0399c85377541fda1804e6da10700fb87b84d4b408f3
01_PREVIOUS_PROJECT_FILES/07_PRESENTATION_AND_RENDERED_IMAGES/OpenWing-UAV-v1.0-portfolio.pptx,251729,d872fbe873334e393fd3d878618dc7c499e43dfa650c6d2672ab21d72e1b111c
01_PREVIOUS_PROJECT_FILES/07_PRESENTATION_AND_RENDERED_IMAGES/owu_v1_montage.png,276735,203da996efaf34a55c075c2982680b7a7464ced3e06acbd298d2942b17450bed
01_PREVIOUS_PROJECT_FILES/07_PRESENTATION_AND_RENDERED_IMAGES/owu_v1_render/slide-1.png,141176,cc156cb2d44ff078b653a6528ff294fe644c85642c3ba91968a8dc5fb4c280be
01_PREVIOUS_PROJECT_FILES/07_PRESENTATION_AND_RENDERED_IMAGES/owu_v1_render/slide-2.png,94504,cb11474561542bb9094b66df4c7944b17d6ae50f2f4463dc320c315515d1d460
01_PREVIOUS_PROJECT_FILES/07_PRESENTATION_AND_RENDERED_IMAGES/owu_v1_render/slide-3.png,78171,efa352eb48e63a5f2de327d60df54207ea2539eb5a53bb2484412c07b86bc2d5
01_PREVIOUS_PROJECT_FILES/07_PRESENTATION_AND_RENDERED_IMAGES/owu_v1_render/slide-4.png,126873,453f23afdc495ef16655abc3a418b58161ab52524685091064a6d0166bd449a0
01_PREVIOUS_PROJECT_FILES/07_PRESENTATION_AND_RENDERED_IMAGES/owu_v1_render/slide-5.png,98677,08d014eac812c4302724915937f973cf53577d1dc2271d9b35d3b104cf517d65
01_PREVIOUS_PROJECT_FILES/07_PRESENTATION_AND_RENDERED_IMAGES/owu_v1_render/slide-6.png,91002,5c62336f7fb8a676dd962325266102b0c8d8d5cf5f557537f4b3111c54b0f21a
01_PREVIOUS_PROJECT_FILES/07_PRESENTATION_AND_RENDERED_IMAGES/owu_v1_render/slide-7.png,99741,1ee631805c57abe0ef14c0216a5b934cd90d79665ef045cc39af1285d2aeaf3f
01_PREVIOUS_PROJECT_FILES/07_PRESENTATION_AND_RENDERED_IMAGES/owu_v1_render/slide-8.png,94125,6fb5e0318f2f0d11c5efc3969d16a5db490686a09848e6ab12780678565abc1b
01_PREVIOUS_PROJECT_FILES/07_PRESENTATION_AND_RENDERED_IMAGES/owu_v1_render/slide-9.png,94057,c24249ebaf4925039b95ea8b9d2c1c41e1be09ed8b1f79b245399c81504b76f3
01_PREVIOUS_PROJECT_FILES/08_LEGACY_SOURCE/OpenWing-UAV-v0.1/CHANGELOG.md,266,43a68575a2d7367310ee3d5339fb3aa2701a2e6a04ff9c1302d82ba5b18d66fc
01_PREVIOUS_PROJECT_FILES/08_LEGACY_SOURCE/OpenWing-UAV-v0.1/CONTRIBUTING.md,471,6a6707a35af2407ba27ccc51adf570ee99e6f4b1731f34048b446fb136774d41
01_PREVIOUS_PROJECT_FILES/08_LEGACY_SOURCE/OpenWing-UAV-v0.1/README.md,3191,fc33449ce7859f9e71b0fb4b913596c2015e3add7b4aaca562485b346a70443f
01_PREVIOUS_PROJECT_FILES/08_LEGACY_SOURCE/OpenWing-UAV-v0.1/results/analytical/bending_moment_distribution.png,76733,fb6b3a0f5a9783ea9d8041411851021d50a365c844411f5806bad7052935670c
01_PREVIOUS_PROJECT_FILES/08_LEGACY_SOURCE/OpenWing-UAV-v0.1/results/analytical/elliptical_load_distribution.png,76389,c365fb8a10396ce892e922d840318441150d6fe98e5a799e2b447a087927a2f4
01_PREVIOUS_PROJECT_FILES/08_LEGACY_SOURCE/OpenWing-UAV-v0.9/.gitattributes,791,d8171483f2a2970e186cd31c6550588a3762bdc0b7dc5df95d9cc67ee1d46b1c
01_PREVIOUS_PROJECT_FILES/08_LEGACY_SOURCE/OpenWing-UAV-v0.9/.github/ISSUE_TEMPLATE/engineering-defect.yml,716,5c4aaecbfb803a5c70f74ab649f3d5e7b6353a4190155eb9af9f6cac23d2e478
01_PREVIOUS_PROJECT_FILES/08_LEGACY_SOURCE/OpenWing-UAV-v0.9/.github/ISSUE_TEMPLATE/enhancement.yml,434,6d388356f061587890eeb5a462e23a904686cc2d5656cc4f16b3fc0f8c469356
01_PREVIOUS_PROJECT_FILES/08_LEGACY_SOURCE/OpenWing-UAV-v0.9/.github/PULL_REQUEST_TEMPLATE.md,445,fdbaf18d6773b47f32e0721db2aed0877d422d8daacc7b35d328337315f07062
01_PREVIOUS_PROJECT_FILES/08_LEGACY_SOURCE/OpenWing-UAV-v0.9/.github/workflows/validate.yml,686,862297188a7798870600d64565cf4189c0251453f997dc8f5e013e4f40561e00
01_PREVIOUS_PROJECT_FILES/08_LEGACY_SOURCE/OpenWing-UAV-v0.9/.gitignore,438,cf620fb4ffbda88d1a4b5770e1fd68fe651136881010dde9299f31c638105606
01_PREVIOUS_PROJECT_FILES/08_LEGACY_SOURCE/OpenWing-UAV-v0.9/BUILD_SUMMARY.json,1303,f60838ad54ff414fe99e44baf8a63e639530012d58a12504b579dab8b657bf68
01_PREVIOUS_PROJECT_FILES/08_LEGACY_SOURCE/OpenWing-UAV-v0.9/CHANGELOG.md,963,95c412cde88d8970102194e90a51b9c23517483e01225ea0c9dcea69026f99dc
01_PREVIOUS_PROJECT_FILES/08_LEGACY_SOURCE/OpenWing-UAV-v0.9/CITATION.cff,597,0c34f7576b3bddb3d9fafc7b2dd45705cbc49d6fe71858b08aece07cd0900774
01_PREVIOUS_PROJECT_FILES/08_LEGACY_SOURCE/OpenWing-UAV-v0.9/CODE_OF_CONDUCT.md,227,58173b0f7c1804ebe75aca1167dfd576506b99f4c9c17bbad5c4086c6c90eb23
01_PREVIOUS_PROJECT_FILES/08_LEGACY_SOURCE/OpenWing-UAV-v0.9/CONTRIBUTING.md,1047,73a1309b1675ddc6ae74132a0cb76d90159e38122cc11d6ee9dc2d2ba7047645
01_PREVIOUS_PROJECT_FILES/08_LEGACY_SOURCE/OpenWing-UAV-v0.9/GOVERNANCE.md,408,3acdb62ec724a78c046ca2bf6661c82f513af05d49e084fef62bbe70b201af8f
01_PREVIOUS_PROJECT_FILES/08_LEGACY_SOURCE/OpenWing-UAV-v0.9/LICENSE,1068,5a6434b454d564f348e3850e3b50c15e26f00c7d80acb72f57ab0053c8efe8a6
01_PREVIOUS_PROJECT_FILES/08_LEGACY_SOURCE/OpenWing-UAV-v0.9/LICENSES/README.md,467,fab20bb49c4d366b20c00168dc00c9ad6c05b2e628fcbf7fcb4b6501f702f001
01_PREVIOUS_PROJECT_FILES/08_LEGACY_SOURCE/OpenWing-UAV-v0.9/Makefile,232,e843b3b95929d3692cbf022e90d2a773816db1543f1693ff14ab04d6a15457a5
01_PREVIOUS_PROJECT_FILES/08_LEGACY_SOURCE/OpenWing-UAV-v0.9/PROJECT_STATUS.md,784,aa740113ff386eb8917e1059b9f3f2da136d6cec8069d3ce2b28690076a5fd5f
01_PREVIOUS_PROJECT_FILES/08_LEGACY_SOURCE/OpenWing-UAV-v0.9/README.md,5483,ae1f16e09830715e888d91007f9acfce69048e9a08f542a1338ed5587cceae7a
01_PREVIOUS_PROJECT_FILES/08_LEGACY_SOURCE/OpenWing-UAV-v0.9/ROADMAP.md,914,118ea34a9f1a224ca6b8f2060a6d930e60e66fd255114f78e1926c91d44406c8
01_PREVIOUS_PROJECT_FILES/08_LEGACY_SOURCE/OpenWing-UAV-v0.9/SECURITY.md,503,91e2a1fb52459afe1fa3b1fbbcbd1a42d3a8aea730316367fd755ad4710cf452
01_PREVIOUS_PROJECT_FILES/08_LEGACY_SOURCE/OpenWing-UAV-v0.9/cad/README.md,191,904a4c8dafad5429412724c1984871de351a837d139cb619878c268f4c3ba9fa
01_PREVIOUS_PROJECT_FILES/08_LEGACY_SOURCE/OpenWing-UAV-v0.9/cam/README.md,191,8a916f9487ac9696136cf3ae6cc3ab26687472488b508d26d97f851b845ae103
01_PREVIOUS_PROJECT_FILES/08_LEGACY_SOURCE/OpenWing-UAV-v0.9/config/project.json,1081,605bcdb8363142e62ec3e66cdc8c45a29dea3f32894007fb72b05fbab1848865
01_PREVIOUS_PROJECT_FILES/08_LEGACY_SOURCE/OpenWing-UAV-v0.9/data/results/README.md,350,cb2987694a189177d874ee2ee1b73319ce01ca16f27009e451038c1cf1a8b017
01_PREVIOUS_PROJECT_FILES/08_LEGACY_SOURCE/OpenWing-UAV-v0.9/data/templates/OWU_Aileron_Hinge_Servo_Results_Template.csv,851,b099b28adebe8109f1b1238a63a2de5cdcbe74eaf34f4c4053fc6159f18e7048
01_PREVIOUS_PROJECT_FILES/08_LEGACY_SOURCE/OpenWing-UAV-v0.9/data/templates/OWU_Buckling_Results_Template.csv,2620,82065ef0bbdf6e83ae3d4a0a9ac52278c3c4a298c2243c66de93c8eb12e5919e
01_PREVIOUS_PROJECT_FILES/08_LEGACY_SOURCE/OpenWing-UAV-v0.9/data/templates/OWU_Candidate_Trade_Study.csv,1156,4be6e008ebcdc0f85834f84d32ee70a30ae13b84814c5d8d6d7718920378fa19
01_PREVIOUS_PROJECT_FILES/08_LEGACY_SOURCE/OpenWing-UAV-v0.9/data/templates/OWU_Design_Variables_v0.7.csv,2519,ed4eb1660047150d39b86c17c7a095cab0aa0f67237bdd819c9993396074b929
01_PREVIOUS_PROJECT_FILES/08_LEGACY_SOURCE/OpenWing-UAV-v0.9/data/templates/OWU_FEA_Experiment_Correlation_Template.csv,1025,b1d00bda5de6fe7e536ea74bdc79553fa37467c642e13fda506ae53f3d7a1624
01_PREVIOUS_PROJECT_FILES/08_LEGACY_SOURCE/OpenWing-UAV-v0.9/data/templates/OWU_Fatigue_Mission_Block_Template.csv,1398,1f396db8e9feb48f0c2f3233b652be734a055221445fe37549ab5276e4e0c9fc
01_PREVIOUS_PROJECT_FILES/08_LEGACY_SOURCE/OpenWing-UAV-v0.9/data/templates/OWU_Load_Case_Matrix_v0.6.4.csv,3554,cda329efb60c80745383c6ed5b4050f2499ef850dc52f1177d3c17b0e028ae0b
01_PREVIOUS_PROJECT_FILES/08_LEGACY_SOURCE/OpenWing-UAV-v0.9/data/templates/OWU_Modal_Results_Template.csv,3627,3a3c35f0c17c3e4ddece33a02aa41f56c41aa0ddcb0457f018e53a984be3f0ae
01_PREVIOUS_PROJECT_FILES/08_LEGACY_SOURCE/OpenWing-UAV-v0.9/data/templates/OWU_Modal_Test_Template.csv,1117,30ef00411484e3845f523b3b1616d65c7f5d6eb904e7c37420ae870482be3417
01_PREVIOUS_PROJECT_FILES/08_LEGACY_SOURCE/OpenWing-UAV-v0.9/data/templates/OWU_Model_Updating_Register.csv,936,9566838d1143d12c09c8b4ca6e2a73eb05adc595b2b1981394f069ce5dd3648c
01_PREVIOUS_PROJECT_FILES/08_LEGACY_SOURCE/OpenWing-UAV-v0.9/data/templates/OWU_Nonlinear_Postbuckling_Template.csv,1766,5f09b496e7309f034c0be8ae2a40be258e8fa21021e0be866edcb446d9377d41
01_PREVIOUS_PROJECT_FILES/08_LEGACY_SOURCE/OpenWing-UAV-v0.9/data/templates/OWU_Optimisation_Goals_Constraints.csv,2453,845a65b6a329eaf8818610c5d4d7bb7c328669c12396a4a1a93dd17b7b6b9c5c
01_PREVIOUS_PROJECT_FILES/08_LEGACY_SOURCE/OpenWing-UAV-v0.9/data/templates/OWU_Optimisation_Results_Template.csv,392,bafdd730f1a8d67263c21d933e5b6999dc0c2e3ab7ba5ac4bdf65df3d974a1c2
01_PREVIOUS_PROJECT_FILES/08_LEGACY_SOURCE/OpenWing-UAV-v0.9/data/templates/OWU_Prototype_Test_Matrix.csv,4806,38cab3d0e1e8d1521f6cda0706c0b50ce451dd6f06cc8656ff8dca370dd6acd2
01_PREVIOUS_PROJECT_FILES/08_LEGACY_SOURCE/OpenWing-UAV-v0.9/data/templates/OWU_Root_Interface_Force_Template.csv,810,86cdfa22b916848c26a23c576bf826e30057af0f5bbc5ee8cb48cf2d52feb828
01_PREVIOUS_PROJECT_FILES/08_LEGACY_SOURCE/OpenWing-UAV-v0.9/data/templates/OWU_Rotating_Excitation_Map.csv,3774,062373b5a0eb4b67138014487c48ded9cf36f769ac14e09fe83a466a4954f335
01_PREVIOUS_PROJECT_FILES/08_LEGACY_SOURCE/OpenWing-UAV-v0.9/data/templates/OWU_SW_NegativeUltimate_LoadBands.csv,710,bc4ffb7d983c7a5223bf828b814934fd244f82380047e7b80aed5d9b0ec4065a
01_PREVIOUS_PROJECT_FILES/08_LEGACY_SOURCE/OpenWing-UAV-v0.9/data/templates/OWU_SW_PositiveUltimate_LoadBands.csv,1066,2282a2acf491752e392b4b54f66bb7dc374465817301891f930c1a534d12510b
01_PREVIOUS_PROJECT_FILES/08_LEGACY_SOURCE/OpenWing-UAV-v0.9/data/templates/OWU_Static_Distributed_Load_Plan.csv,7763,70b5ce90c258905f059c28a58f2804700f74de37c5535d60c2f0ab1d5e705ecb
01_PREVIOUS_PROJECT_FILES/08_LEGACY_SOURCE/OpenWing-UAV-v0.9/data/templates/OWU_Static_Load_Test_Steps.csv,8595,61bff0481fe33dba84d536494b831474903d7f033d2e5eff3a7e0f137c195659
01_PREVIOUS_PROJECT_FILES/08_LEGACY_SOURCE/OpenWing-UAV-v0.9/docs/.nojekyll,0,e3b0c44298fc1c149afbf4c8996fb92427ae41e4649b934ca495991b7852b855
01_PREVIOUS_PROJECT_FILES/08_LEGACY_SOURCE/OpenWing-UAV-v0.9/docs/assets/app.js,2575,6870161a20e4c4bffc7ae822dedfca7c622860d8e9759a0702e84eca549af0fa
01_PREVIOUS_PROJECT_FILES/08_LEGACY_SOURCE/OpenWing-UAV-v0.9/docs/assets/project-data.json,5614,6dfd70951a7080c449af2263a3cc3133b4110bf7d18ee853f1c65b9bb8bcb25e
01_PREVIOUS_PROJECT_FILES/08_LEGACY_SOURCE/OpenWing-UAV-v0.9/docs/assets/style.css,3934,0b78268bd97832150b5b17bb3c267bf5a7bb353be5691c073d68fa3f148672d4
01_PREVIOUS_PROJECT_FILES/08_LEGACY_SOURCE/OpenWing-UAV-v0.9/docs/assets/wing.svg,1158,6d9a8a99b7e08565dbf87a1639a8c43c57153f81b2f4e5a7999d69c041e68bda
01_PREVIOUS_PROJECT_FILES/08_LEGACY_SOURCE/OpenWing-UAV-v0.9/docs/index.html,3633,98906baab0710b69e39c23f65210c7312cec909fb6478df005cd1cc591170f9a
01_PREVIOUS_PROJECT_FILES/08_LEGACY_SOURCE/OpenWing-UAV-v0.9/optimisation/README.md,209,6f6d97d6685d66322c9568b94ec6c620e68052656afcce1eee796e200a910abd
01_PREVIOUS_PROJECT_FILES/08_LEGACY_SOURCE/OpenWing-UAV-v0.9/prototype/README.md,225,55b9a3183576f261c777504cb34880d955c3484af8b55dc52beb9ed23fd5083e
01_PREVIOUS_PROJECT_FILES/08_LEGACY_SOURCE/OpenWing-UAV-v0.9/release/README.md,337,8e99c7a42a6241ce57198fde516b70feeb77e37ed37c87764dfdc7fa7c3aaa01
01_PREVIOUS_PROJECT_FILES/08_LEGACY_SOURCE/OpenWing-UAV-v0.9/release/manifest.csv,99,2b52dad0b80d0bc922b0b316785e4b6dcd2eb503b2e35c551082f30497d33c7c
01_PREVIOUS_PROJECT_FILES/08_LEGACY_SOURCE/OpenWing-UAV-v0.9/release/manifest.json,263,7661ed762fd5da1691e8d31003d23337e3415c4f3bfd7a32a8846da3e4ae28c0
01_PREVIOUS_PROJECT_FILES/08_LEGACY_SOURCE/OpenWing-UAV-v0.9/schemas/csv_schemas.json,1279,02e9e0b27074adc83c0d61aa1bc600a778567978e17698494244c5bb583a6fab
01_PREVIOUS_PROJECT_FILES/08_LEGACY_SOURCE/OpenWing-UAV-v0.9/scripts/build_release_manifest.py,1630,85865570213520f008536f3041e445c8b681210bb0a6a764668c8aff7910fd97
01_PREVIOUS_PROJECT_FILES/08_LEGACY_SOURCE/OpenWing-UAV-v0.9/scripts/catalog_files.py,1035,d2c9869ed52066938587ffb6b0b4bcd1c69b7c4d77f156f661120f6149073866
01_PREVIOUS_PROJECT_FILES/08_LEGACY_SOURCE/OpenWing-UAV-v0.9/scripts/generate_dashboard_data.py,2156,80d27183511834dd52a14fdaa04cec91a1a03112474a8ea1ff457c0d1d30a772
01_PREVIOUS_PROJECT_FILES/08_LEGACY_SOURCE/OpenWing-UAV-v0.9/scripts/validate_repository.py,4073,9bf2002a245ccbc665d55a1c5b31124df5512d4a1e0d554d894f5893e2e044a8
01_PREVIOUS_PROJECT_FILES/08_LEGACY_SOURCE/OpenWing-UAV-v0.9/simulation/README.md,205,3e474f57c7f2c4eb1d93410a7589e721dc5e07df079803b0451984b68f2e9ba9
01_PREVIOUS_PROJECT_FILES/09_FILE_STATUS_AND_INVENTORY/BUILD_SUMMARY.json,1420,25ae55dc4e6f3024317b0e0d3c18c6584c875782f7648610f8d66c748c88a480
01_PREVIOUS_PROJECT_FILES/09_FILE_STATUS_AND_INVENTORY/CATEGORY_INDEX.csv,371,e92e85c23ac735a0fd1a430428896264c9d4ea2e1295f4ba8767537079dad4bb
01_PREVIOUS_PROJECT_FILES/09_FILE_STATUS_AND_INVENTORY/MISSING_NATIVE_ENGINEERING_FILES.csv,1460,44cc7c2d177a54775699265015aaa7ef73454f4d5d1f136b14454ca57e2b15ba
01_PREVIOUS_PROJECT_FILES/README_FIRST.md,1939,da0e7016ce5966901b4b6bdf62b2560681d239a1d312f449bcab93f5e5c39e04
02_GENERATED_ENGINEERING_FILES/01_NEUTRAL_CAD/3MF/assemblies/OWU-000_Full_Wing_Aerodynamic_Envelope.3mf,151589,feb608181ce3074c1b31b719fa163c01ce0a44d601785e00c6e621356f1e1ceb
02_GENERATED_ENGINEERING_FILES/01_NEUTRAL_CAD/3MF/assemblies/OWU-1000_Full_Wing_Assembly.3mf,587251,5c23f92d7ba23d8b5fe9eaf9331c19d40bd66dbc4e158249f1a5b133bb1e01ac
02_GENERATED_ENGINEERING_FILES/01_NEUTRAL_CAD/3MF/assemblies/OWU-1100_Right_Wing_Assembly.3mf,293312,b1e2b51f4f701073e6fba14096841bae5094e6a3fa0238033bcc2884465675fd
02_GENERATED_ENGINEERING_FILES/01_NEUTRAL_CAD/3MF/parts/OWU-1101_Right_Wing_Aerodynamic_Envelope.3mf,76722,6b878c2bda1bf4c557641d9cfb883491b50fb2533fdaf21d870481b89302ead5
02_GENERATED_ENGINEERING_FILES/01_NEUTRAL_CAD/3MF/parts/OWU-1110_Right_Main_Wing_Skin_Shell.3mf,97294,aa87c2508fcab33dc35fd57e3d3ccdd544ea682b1f20a21368fd85e04d415271
02_GENERATED_ENGINEERING_FILES/01_NEUTRAL_CAD/3MF/parts/OWU-11200_Rib_X000.3mf,10888,255d9a87864061bc1981d518ccf2763690c1a1a392009029f7500535a04ac974
02_GENERATED_ENGINEERING_FILES/01_NEUTRAL_CAD/3MF/parts/OWU-11201_Rib_X025.3mf,11161,482833c2a871f8d33d158cb269ccc3aa6b023c62ff21d2d2e4635feb752d2470
02_GENERATED_ENGINEERING_FILES/01_NEUTRAL_CAD/3MF/parts/OWU-11202_Rib_X075.3mf,11016,c27cb262769a9a1b9f8d0bda7f28658b10da3dcb22da7369e915f71b07db9d71
02_GENERATED_ENGINEERING_FILES/01_NEUTRAL_CAD/3MF/parts/OWU-11203_Rib_X150.3mf,10910,d77a1dd50962b0870170f5d92ce01a7515669dea2f130d061df5b31a0c4485e9
02_GENERATED_ENGINEERING_FILES/01_NEUTRAL_CAD/3MF/parts/OWU-11204_Rib_X225.3mf,10988,dadd35369f94fa072c57b618fb51af42676bb565147d4af0b2cfa0b969a8a396
02_GENERATED_ENGINEERING_FILES/01_NEUTRAL_CAD/3MF/parts/OWU-11205_Rib_X300.3mf,10794,2ccffaaebbf5a835b8c240dbc9f09bd20b099dd9cfe979953a1e32387d2cbf89
02_GENERATED_ENGINEERING_FILES/01_NEUTRAL_CAD/3MF/parts/OWU-11206_Rib_X330.3mf,11071,5a13bcced91dee0ceb1003cb7134b94a1716ab470f9ea7e96c3043316a8944fc
02_GENERATED_ENGINEERING_FILES/01_NEUTRAL_CAD/3MF/parts/OWU-11207_Rib_X390.3mf,11050,55e99f69bc0dcc6bfd39aa2c23d757b3bd0682665a4a5ddb8ad21218301a6edf
02_GENERATED_ENGINEERING_FILES/01_NEUTRAL_CAD/3MF/parts/OWU-11208_Rib_X450.3mf,10924,86d48a4620504cec66e32c7d96738bed79f6191b9c705603764aa30317115c35
02_GENERATED_ENGINEERING_FILES/01_NEUTRAL_CAD/3MF/parts/OWU-11209_Rib_X510.3mf,11017,0c9b0ff37269e0b981be677c891eb519b41e4b2fdad2d73b153417e0a8e1ffd0
02_GENERATED_ENGINEERING_FILES/01_NEUTRAL_CAD/3MF/parts/OWU-11210_Rib_X570.3mf,11060,0f8bda87b65a214025a35d9bee2d6cc4d8c1b848a78a4be6de6583ec3ea8ba50
02_GENERATED_ENGINEERING_FILES/01_NEUTRAL_CAD/3MF/parts/OWU-11211_Rib_X600.3mf,10816,61a5b2aa6bcb56fbac815f798c6580f4fff4393926506a13e205a3e24a0538c9
02_GENERATED_ENGINEERING_FILES/01_NEUTRAL_CAD/3MF/parts/OWU-1130_Main_Spar_Web.3mf,1942,7050f3d6d069b692aff13552ed216d0dfef345b020ca306599b87274aec08ff8
02_GENERATED_ENGINEERING_FILES/01_NEUTRAL_CAD/3MF/parts/OWU-1131_Main_Spar_Upper_Cap.3mf,1849,318c17e014046399d6520fbba1b2ba895e01884419fca3cd3381c6d9368c3aa1
02_GENERATED_ENGINEERING_FILES/01_NEUTRAL_CAD/3MF/parts/OWU-1132_Main_Spar_Lower_Cap.3mf,1856,7016adeb9c3d7750ecd81d860ee5ccfbab27d7c47ac1cb3f67631f5b74071884
02_GENERATED_ENGINEERING_FILES/01_NEUTRAL_CAD/3MF/parts/OWU-1133_Main_Web_Root_Doubler.3mf,1356,bf1ac2ce009046fde5150431823d59a1297e7dd41e73ba0a3416f3112a904ee4
02_GENERATED_ENGINEERING_FILES/01_NEUTRAL_CAD/3MF/parts/OWU-1140_Rear_Spar_Web.3mf,1933,8fb3b8fdacca3093af753a315f8a702db8e7b982093e19e2f9902353072f8d85
02_GENERATED_ENGINEERING_FILES/01_NEUTRAL_CAD/3MF/parts/OWU-1141_Rear_Spar_Upper_Cap.3mf,1856,010927b4bfdfbfb714bb3cfd87b9f8bb8e0111b0db53f3b60e513e2121f62dc5
02_GENERATED_ENGINEERING_FILES/01_NEUTRAL_CAD/3MF/parts/OWU-1142_Rear_Spar_Lower_Cap.3mf,1866,358a7ba536a927e12e01ea03f7ba5d70b5f71944b6619f976e9d9f6f7a0a6e04
02_GENERATED_ENGINEERING_FILES/01_NEUTRAL_CAD/3MF/parts/OWU-1190_Right_Aileron_Shell.3mf,26300,355871e5236546e0eecff9afb4b300f84e512c22d386b85e8895953e4d3f0887
02_GENERATED_ENGINEERING_FILES/01_NEUTRAL_CAD/3MF/parts/OWU-1301_Full_V_Joiner_18x4.3mf,1329,57b2195914799521ead48064ae1a3b6c39474790a0a235368c9d9677fedfea35
02_GENERATED_ENGINEERING_FILES/01_NEUTRAL_CAD/3MF/parts/OWU-1302_Rear_AntiRotation_Pin_6mm.3mf,2448,0eb851c59f47b39459cf83e79f623c74d58b903e871161734330a3438d495223
02_GENERATED_ENGINEERING_FILES/01_NEUTRAL_CAD/3MF/parts/OWU-1470_Right_Servo_Tray_AM.3mf,1239,25203e6ba0a1a4aa2c4310f39622ffdb7ac4ab9d58f67d97750319582af90c30
02_GENERATED_ENGINEERING_FILES/01_NEUTRAL_CAD/3MF/parts/OWU-1480_Wing_Side_Hinge_Fitting.3mf,4240,4f1a4139e775baf468bc2eb3e30d798f19cd0f8556e5a24a01c7f89c07b735c2
02_GENERATED_ENGINEERING_FILES/01_NEUTRAL_CAD/3MF/parts/OWU-1481_Aileron_Side_Hinge_Fitting.3mf,4244,e92e5837cf143dc20fe9dba55ca1bd5838831ad4ecc28a9f94af86513b17442e
02_GENERATED_ENGINEERING_FILES/01_NEUTRAL_CAD/3MF/parts/OWU-1482_Hinge_Pin_2mm.3mf,2358,fa408538d3235449bc49c256a52aaaa34b2e10d32783922ec72d47beef06102e
02_GENERATED_ENGINEERING_FILES/01_NEUTRAL_CAD/3MF/parts/OWU-1490_Right_Printed_Wingtip_Cap.3mf,26664,3044d657ce9874922963cc03faab178a0b0034c1b3d50a714f61603dbf5d9314
02_GENERATED_ENGINEERING_FILES/01_NEUTRAL_CAD/3MF/parts/OWU-1501_Rib_Alignment_Jig.3mf,1296,930b0bece89b86b71ef44d684bde3791de6b584b363e89814eca7103566fc0c2
02_GENERATED_ENGINEERING_FILES/01_NEUTRAL_CAD/3MF/parts/OWU-1502_Root_Drilling_Jig.3mf,7868,8e20bb17a57f76fbed3a909375e8de1e062e372b794ea16bdd490057d98fe261
02_GENERATED_ENGINEERING_FILES/01_NEUTRAL_CAD/3MF/parts/OWU-1503_Joiner_Box_Fit_Gauge.3mf,1407,61630990f60da74c1c3a48395ccdb02615499b100185abf4b73341882e2e9b22
02_GENERATED_ENGINEERING_FILES/01_NEUTRAL_CAD/BOM.csv,2851,8b71ab0c1f23fc4b1677ff8cd75b62869b11aee8e6dce17d29957261e9ec08ae
02_GENERATED_ENGINEERING_FILES/01_NEUTRAL_CAD/STEP/assemblies/OWU-000_Full_Wing_Aerodynamic_Envelope.step,1822413,7e84c29fe0c74a72f61bf0598795b80efe9cf01d6293ce005e738d6f70aa3f11
02_GENERATED_ENGINEERING_FILES/01_NEUTRAL_CAD/STEP/assemblies/OWU-1000_Full_Wing_Assembly.step,8578123,5c06b8843b497296029596a56bd11544ffb0ce5779a61a76eb95aaa6e861f284
02_GENERATED_ENGINEERING_FILES/01_NEUTRAL_CAD/STEP/assemblies/OWU-1100_Right_Wing_Assembly.step,4154707,c7e8645689972c0bbdecc89cd6f9c6e00b1c842fd012cd53eaa5098db1630611
02_GENERATED_ENGINEERING_FILES/01_NEUTRAL_CAD/STEP/parts/OWU-1101_Right_Wing_Aerodynamic_Envelope.step,889230,e00eb9c11fea92aa940b72428fd96c3faefa9c6072394c2ef44c15d9e6cab0d3
02_GENERATED_ENGINEERING_FILES/01_NEUTRAL_CAD/STEP/parts/OWU-1110_Right_Main_Wing_Skin_Shell.step,1129530,e707ddc7a245b106635790250b6fc2afd55fc1f48045c0b9edb9ee7e46cca8b5
02_GENERATED_ENGINEERING_FILES/01_NEUTRAL_CAD/STEP/parts/OWU-11200_Rib_X000.step,138600,80bed804fe703a4429b652a8e40faba30797dec276d27a4fc3b3c5ec3a1ea3a8
02_GENERATED_ENGINEERING_FILES/01_NEUTRAL_CAD/STEP/parts/OWU-11201_Rib_X025.step,139060,20ea48b3044355b261b2e7c245efd78fc05dc57f9af4eb74363632b8e317b712
02_GENERATED_ENGINEERING_FILES/01_NEUTRAL_CAD/STEP/parts/OWU-11202_Rib_X075.step,139072,4c6c1379dea48d0f80ccdc8ebb33e73974e52fe83d286bf6fd6135365ec419ce
02_GENERATED_ENGINEERING_FILES/01_NEUTRAL_CAD/STEP/parts/OWU-11203_Rib_X150.step,139548,3cc82340e66d2ec2bae59219d1eb2d4e3e35882dc49b4ca774f7dfb76b730ef2
02_GENERATED_ENGINEERING_FILES/01_NEUTRAL_CAD/STEP/parts/OWU-11204_Rib_X225.step,139580,05f3a579767c198a6d52403aea5b83a6278b10a11917c4f076b33e73037a5529
02_GENERATED_ENGINEERING_FILES/01_NEUTRAL_CAD/STEP/parts/OWU-11205_Rib_X300.step,139734,010324c6ee6c565c842807d6fe0d16c622fef02b20601d9ab3d99cee7e84333c
02_GENERATED_ENGINEERING_FILES/01_NEUTRAL_CAD/STEP/parts/OWU-11206_Rib_X330.step,139732,a01b9c2658a9fcd271cf48e50e707ba6c661d8d88f97fcd8941ff6528ce9d93c
02_GENERATED_ENGINEERING_FILES/01_NEUTRAL_CAD/STEP/parts/OWU-11207_Rib_X390.step,139638,61dae33906f4e4de6fdbe2108d3cb704d7fa658af02ab33a4bd0d1598161c369
02_GENERATED_ENGINEERING_FILES/01_NEUTRAL_CAD/STEP/parts/OWU-11208_Rib_X450.step,139560,55b18f74f5687bd6f18ef41f1d27a765d554b348a1c1ec01addcfc45a3c9a850
02_GENERATED_ENGINEERING_FILES/01_NEUTRAL_CAD/STEP/parts/OWU-11209_Rib_X510.step,139554,2523d9a18d6158b4dcd61a49965c36065f62fe6cba090badc3ef9e631848724b
02_GENERATED_ENGINEERING_FILES/01_NEUTRAL_CAD/STEP/parts/OWU-11210_Rib_X570.step,139548,0b564c9e713971c9ff2750a67a7a99c88e70054f4ec7a97cfa824f6c962724d7
02_GENERATED_ENGINEERING_FILES/01_NEUTRAL_CAD/STEP/parts/OWU-11211_Rib_X600.step,139544,742714b39be5f42f9ac67f2e1344936eef2c288f53c609b5273a700b3a88e6d6
02_GENERATED_ENGINEERING_FILES/01_NEUTRAL_CAD/STEP/parts/OWU-1130_Main_Spar_Web.step,13888,cb198343ce8a90c1381e4f0d3c06526884b16bda41c872d1f9a5de2a015f8b55
02_GENERATED_ENGINEERING_FILES/01_NEUTRAL_CAD/STEP/parts/OWU-1131_Main_Spar_Upper_Cap.step,13919,349e45e69fd7b7aa3c97877983f09290dadedfebbe908413b902876db5ce0832
02_GENERATED_ENGINEERING_FILES/01_NEUTRAL_CAD/STEP/parts/OWU-1132_Main_Spar_Lower_Cap.step,13909,92b83e966f07ae0b8320bc2f8ac308182d5330bd89bdb12fa48c1e2d212d47d5
02_GENERATED_ENGINEERING_FILES/01_NEUTRAL_CAD/STEP/parts/OWU-1133_Main_Web_Root_Doubler.step,5506,d467ace66feedafc1f38eab06da734481fe0f33d706c442f53bbe7570c867be2
02_GENERATED_ENGINEERING_FILES/01_NEUTRAL_CAD/STEP/parts/OWU-1140_Rear_Spar_Web.step,13936,90c83acde3238af872d83ad57c85088e52dd18050a302ba1a09fcc1efeccee1d
02_GENERATED_ENGINEERING_FILES/01_NEUTRAL_CAD/STEP/parts/OWU-1141_Rear_Spar_Upper_Cap.step,13969,2bc6644a2ba0cf2920ceb66b4ff9608dad5c627b99b80cda08a9d6de76a67012
02_GENERATED_ENGINEERING_FILES/01_NEUTRAL_CAD/STEP/parts/OWU-1142_Rear_Spar_Lower_Cap.step,13955,ac083ecf8c0028ab478678cfd87795e38a0f9ecc066d6ad951a81526a8fefb25
02_GENERATED_ENGINEERING_FILES/01_NEUTRAL_CAD/STEP/parts/OWU-1190_Right_Aileron_Shell.step,281838,6fe171349ebf6de93923bed87359aa385ac4f12963449b5277d54783c867bd20
02_GENERATED_ENGINEERING_FILES/01_NEUTRAL_CAD/STEP/parts/OWU-1301_Full_V_Joiner_18x4.step,6554,b700fbf9926bbd183f4bb92dcce765e43417e8e5f4e70f81f6a596a81de48ba6
02_GENERATED_ENGINEERING_FILES/01_NEUTRAL_CAD/STEP/parts/OWU-1302_Rear_AntiRotation_Pin_6mm.step,26582,164ce143f651ef5f32557bc705f83dc2d95484984cee780c551db0df26df7ce8
02_GENERATED_ENGINEERING_FILES/01_NEUTRAL_CAD/STEP/parts/OWU-1470_Right_Servo_Tray_AM.step,5003,d1b9383ef175ff82f81faa5e54cfc2f0cea0be2f49a3e7daa7e360e363e71f38
02_GENERATED_ENGINEERING_FILES/01_NEUTRAL_CAD/STEP/parts/OWU-1480_Wing_Side_Hinge_Fitting.step,54384,5557fa880ef981f0bb8771f13b37e01536bc1bee79084af08612914b24bb2c50
02_GENERATED_ENGINEERING_FILES/01_NEUTRAL_CAD/STEP/parts/OWU-1481_Aileron_Side_Hinge_Fitting.step,54387,732da85fcddfa19e4b1cd23ce07a6d55d2e150ff1a216b32e1b26f8a1d9fc68b
02_GENERATED_ENGINEERING_FILES/01_NEUTRAL_CAD/STEP/parts/OWU-1482_Hinge_Pin_2mm.step,26333,d69edabcc00399ab740c542bcf194c8eaacf407f93ca287150c542ac8ad911ae
02_GENERATED_ENGINEERING_FILES/01_NEUTRAL_CAD/STEP/parts/OWU-1490_Right_Printed_Wingtip_Cap.step,269787,0b3f930f7e9263b73e2bc9f4ead16e64122320619e3347f1d2feb20b18fcb8e2
02_GENERATED_ENGINEERING_FILES/01_NEUTRAL_CAD/STEP/parts/OWU-1501_Rib_Alignment_Jig.step,6481,e0d900a93845643027a369c9788675774f27e6b5315120a19b40d73b488d3719
02_GENERATED_ENGINEERING_FILES/01_NEUTRAL_CAD/STEP/parts/OWU-1502_Root_Drilling_Jig.step,109629,52fe2fa18c9c7ca9c75f5f20d59b547ef0abc3d273683f627c47388252c14c4a
02_GENERATED_ENGINEERING_FILES/01_NEUTRAL_CAD/STEP/parts/OWU-1503_Joiner_Box_Fit_Gauge.step,8283,06d2ec80907262ab7ec363d9027004fd4b0cc6dd58c1d06b439576dde60166ae
02_GENERATED_ENGINEERING_FILES/01_NEUTRAL_CAD/STL/assemblies/OWU-000_Full_Wing_Aerodynamic_Envelope.stl,600084,9f823e6111eaef2beb2171becee9f19ca99a9a308b726e65b00ac405288c2f62
02_GENERATED_ENGINEERING_FILES/01_NEUTRAL_CAD/STL/assemblies/OWU-1000_Full_Wing_Assembly.stl,2700484,fe95de6d3256d2423f087a3a092fe7e1fcc77a0db0d1a2de2a5ebaa7afdca9bc
02_GENERATED_ENGINEERING_FILES/01_NEUTRAL_CAD/STL/assemblies/OWU-1100_Right_Wing_Assembly.stl,1371084,57bb7a13e7db1f060df816551414ba2aea6cb3d0815c940be1a011c098795d6c
02_GENERATED_ENGINEERING_FILES/01_NEUTRAL_CAD/STL/parts/OWU-1101_Right_Wing_Aerodynamic_Envelope.stl,304084,3d856c848f762c553e2c478da0eaf88142ac1d3842dc97300b724acfbd70f30e
02_GENERATED_ENGINEERING_FILES/01_NEUTRAL_CAD/STL/parts/OWU-1110_Right_Main_Wing_Skin_Shell.stl,384084,dd4a71b9333c101136cc53b0ce148da256cbc539d2df0f053345185dfd71da04
02_GENERATED_ENGINEERING_FILES/01_NEUTRAL_CAD/STL/parts/OWU-11200_Rib_X000.stl,50084,0c160eeebabb728ca4d2ab5b4413a8221fc59bccd34f7f70c77357153d6889c4
02_GENERATED_ENGINEERING_FILES/01_NEUTRAL_CAD/STL/parts/OWU-11201_Rib_X025.stl,50084,a78f86f322c6c988244e0a6b1912d2214defd6923cf948de889fc8a19d00762b
02_GENERATED_ENGINEERING_FILES/01_NEUTRAL_CAD/STL/parts/OWU-11202_Rib_X075.stl,50084,7dd9b16df8e6b80bfd5509c2e528b49d9ce9372d83d9ddd3d52ad5d69c4996c1
02_GENERATED_ENGINEERING_FILES/01_NEUTRAL_CAD/STL/parts/OWU-11203_Rib_X150.stl,50084,92002bb03fdc278f9ce36d5e69768b4fda926aabfb1649f78c50aecc7e90e0fa
02_GENERATED_ENGINEERING_FILES/01_NEUTRAL_CAD/STL/parts/OWU-11204_Rib_X225.stl,50084,7c3fb1425cbd8f1b8db10a7daf0a7ef951d1bc1e28ccb62dc9200472a31efd71
02_GENERATED_ENGINEERING_FILES/01_NEUTRAL_CAD/STL/parts/OWU-11205_Rib_X300.stl,50084,2c56c5fdeb987ac5f98625eb9101e2adb6827386b12b0e071768b44adb46feb6
02_GENERATED_ENGINEERING_FILES/01_NEUTRAL_CAD/STL/parts/OWU-11206_Rib_X330.stl,50084,7b5ac1a666f4ced0357ea2b8c1512139792426f82d44aceba4b62921ee6a03ef
02_GENERATED_ENGINEERING_FILES/01_NEUTRAL_CAD/STL/parts/OWU-11207_Rib_X390.stl,50084,1c16d57b2ffd92a958d26e4da3640ab91439ba20cdf7b7e2bbdc133ad78147ba
02_GENERATED_ENGINEERING_FILES/01_NEUTRAL_CAD/STL/parts/OWU-11208_Rib_X450.stl,50084,20077d52fceef7d5065210dde285ba8f164722e77a19ec604fd0980c212925c6
02_GENERATED_ENGINEERING_FILES/01_NEUTRAL_CAD/STL/parts/OWU-11209_Rib_X510.stl,50084,a2a9ef6b0c7ded8978849aa75df341f6c4de410adb6a60b18ebc55d28d5bee07
02_GENERATED_ENGINEERING_FILES/01_NEUTRAL_CAD/STL/parts/OWU-11210_Rib_X570.stl,50084,561f81dec3d6e16d787b68e6f1749933d941e2da4cc06827d5fdbb8d33eda323
02_GENERATED_ENGINEERING_FILES/01_NEUTRAL_CAD/STL/parts/OWU-11211_Rib_X600.stl,50084,1de5607881a8d46f93d63d1c85ed9bade845305f8b5c50fa4ec0d611f50ba6c5
02_GENERATED_ENGINEERING_FILES/01_NEUTRAL_CAD/STL/parts/OWU-1130_Main_Spar_Web.stl,4884,3180ddd8ad1941ea6e74e520e4fdae6e867f76c97c241834fce09226d6efbb84
02_GENERATED_ENGINEERING_FILES/01_NEUTRAL_CAD/STL/parts/OWU-1131_Main_Spar_Upper_Cap.stl,4884,4f3bd1db64f6115eabfffd8dd3d5ac4ddafb68bc0a51a2088f4059b6ef0a39f7
02_GENERATED_ENGINEERING_FILES/01_NEUTRAL_CAD/STL/parts/OWU-1132_Main_Spar_Lower_Cap.stl,4884,17109ed43d754505747490ed0a92e5b573ee1f825d6227350b1a84093189cfe2
02_GENERATED_ENGINEERING_FILES/01_NEUTRAL_CAD/STL/parts/OWU-1133_Main_Web_Root_Doubler.stl,1684,ab4fee6e83ca9f026c6ad78c9d96394065b7d906587199fd031a4133fa54288f
02_GENERATED_ENGINEERING_FILES/01_NEUTRAL_CAD/STL/parts/OWU-1140_Rear_Spar_Web.stl,4884,69128812e81081b7fa7116fcef5b34908b35e83fc90183a0cba03ed11c54be22
02_GENERATED_ENGINEERING_FILES/01_NEUTRAL_CAD/STL/parts/OWU-1141_Rear_Spar_Upper_Cap.stl,4884,c7b4f143005f9609b7fcac27e0fffd9f7183ca40ce184b30f7d2c23795e24535
02_GENERATED_ENGINEERING_FILES/01_NEUTRAL_CAD/STL/parts/OWU-1142_Rear_Spar_Lower_Cap.stl,4884,2f46d232cbef2149e1a1bff14d627e227a2d30516af5d79ebfb0872a1f88907d
02_GENERATED_ENGINEERING_FILES/01_NEUTRAL_CAD/STL/parts/OWU-1190_Right_Aileron_Shell.stl,100084,fc29793726037fe32a332742be44f6cb3b4f76d18d4d1902335f0b3cdaf81863
02_GENERATED_ENGINEERING_FILES/01_NEUTRAL_CAD/STL/parts/OWU-1301_Full_V_Joiner_18x4.stl,2084,95fc3f3970ea27f1628af23253a69de65e2ef2d5575518e78cd5d5855b8dde0e
02_GENERATED_ENGINEERING_FILES/01_NEUTRAL_CAD/STL/parts/OWU-1302_Rear_AntiRotation_Pin_6mm.stl,9684,6b8438a20ff669d77dafa887bb468e8b78ead69583f8f14f9e90295179239831
02_GENERATED_ENGINEERING_FILES/01_NEUTRAL_CAD/STL/parts/OWU-1470_Right_Servo_Tray_AM.stl,1484,beb0599da2cb2d8030311b8d79a508f37c66128590d5e4da65ee61da20e0c6e9
02_GENERATED_ENGINEERING_FILES/01_NEUTRAL_CAD/STL/parts/OWU-1480_Wing_Side_Hinge_Fitting.stl,19884,063ccb4e41f2f475a00735240f63f65c9fab69c585f5758741545fd846cc0a52
02_GENERATED_ENGINEERING_FILES/01_NEUTRAL_CAD/STL/parts/OWU-1481_Aileron_Side_Hinge_Fitting.stl,19884,6125caf74038d6d831c220c377cf9c23a71fe74e351e547e332269afc80d4ab4
02_GENERATED_ENGINEERING_FILES/01_NEUTRAL_CAD/STL/parts/OWU-1482_Hinge_Pin_2mm.stl,9684,ca83c94242fbb8a572aa96405031c024361108c9a0b1b61a24998c8d2d378b2b
02_GENERATED_ENGINEERING_FILES/01_NEUTRAL_CAD/STL/parts/OWU-1490_Right_Printed_Wingtip_Cap.stl,96084,e87909572575ef7d3952b786b5c6eb9fe457dc45421211f07fdf784045fcdf9e
02_GENERATED_ENGINEERING_FILES/01_NEUTRAL_CAD/STL/parts/OWU-1501_Rib_Alignment_Jig.stl,1884,6d0823426f6688db907c62f69a4b0218c1b5d64b924a074756e1c0cc82649576
02_GENERATED_ENGINEERING_FILES/01_NEUTRAL_CAD/STL/parts/OWU-1502_Root_Drilling_Jig.stl,39084,daf3e45e13cd71b8e83b01e8e00b6cf77c5036376613f92a31a9f8134d9a088e
02_GENERATED_ENGINEERING_FILES/01_NEUTRAL_CAD/STL/parts/OWU-1503_Joiner_Box_Fit_Gauge.stl,2484,7c0fc5948b1cb854d2b5fdccbf7c7e2b90944c11289d2a58b5c4cc5541058f83
02_GENERATED_ENGINEERING_FILES/02_DRAWINGS_DXF/OWU-1000_Full_Wing_General_Arrangement.dxf,1435,9d19eed10d504be547835e3c212bfa3637f1c0234f76221708f7cb3d4d53ea90
02_GENERATED_ENGINEERING_FILES/02_DRAWINGS_DXF/OWU-11200_Rib_X000.dxf,9111,525c2d3fe21bc4b71ca81958126b6807709b8f5b037057dff818ed0d388b1b2a
02_GENERATED_ENGINEERING_FILES/02_DRAWINGS_DXF/OWU-11201_Rib_X025.dxf,9084,c605779e94ebae1982faf0cfda3c1ebff68c1e1df2cffdd5386922e146dfa1d5
02_GENERATED_ENGINEERING_FILES/02_DRAWINGS_DXF/OWU-11202_Rib_X075.dxf,9068,2229e1c1d9df4342cecf9d548d85fcbd9eef9702fce7ae8e2cd4ed14d7f5cbbb
02_GENERATED_ENGINEERING_FILES/02_DRAWINGS_DXF/OWU-11203_Rib_X150.dxf,9043,c93849f6407a3b889c65a09b126decd6484e48e811ae315ca0885d801c914bc1
02_GENERATED_ENGINEERING_FILES/02_DRAWINGS_DXF/OWU-11204_Rib_X225.dxf,9059,b756e2949a443a04cd60bef86808e3a61438d242b49462382c690b162be0432b
02_GENERATED_ENGINEERING_FILES/02_DRAWINGS_DXF/OWU-11205_Rib_X300.dxf,9136,dd9a537b4781bded777a109d462d5a2da9698700189196f5489f08aa0313e5e4
02_GENERATED_ENGINEERING_FILES/02_DRAWINGS_DXF/OWU-11206_Rib_X330.dxf,9135,f9ac6665294fdd27ef0fc2232da12e079374430bbf4349b6b24a372f7127d886
02_GENERATED_ENGINEERING_FILES/02_DRAWINGS_DXF/OWU-11207_Rib_X390.dxf,9131,4a16561be1f600d51f05bcb6113a27d2dbf01307eab5fbcaf1ca71a82dd628a1
02_GENERATED_ENGINEERING_FILES/02_DRAWINGS_DXF/OWU-11208_Rib_X450.dxf,9129,5851689a676f4a59d5bcbb3e2f7fbbcab9ca3a03d7606a74c4b1290ff5e7a626
02_GENERATED_ENGINEERING_FILES/02_DRAWINGS_DXF/OWU-11209_Rib_X510.dxf,9126,b9298e6d040805e220b7185727d1e155bfa04fe23cf0ee8f973bfff8b8aebde3
02_GENERATED_ENGINEERING_FILES/02_DRAWINGS_DXF/OWU-11210_Rib_X570.dxf,9121,aa837cd4c15be57276ee84a3a0a2f3e16c9432b9875aab1a271d89644d364c30
02_GENERATED_ENGINEERING_FILES/02_DRAWINGS_DXF/OWU-11211_Rib_X600.dxf,9119,cecb17dd5a9dd81660c125c4a60a5f4c19ed921dda7aa5dfe0fb4d76bcfa9ae8
02_GENERATED_ENGINEERING_FILES/02_DRAWINGS_DXF/OWU-1130_Main_Spar_Web_Elevation.dxf,2960,5d0f65256de99bdcebf9162853f3d857e31a6cbfa2db35574c396da4a0ab61d5
02_GENERATED_ENGINEERING_FILES/02_DRAWINGS_DXF/OWU-1140_Rear_Spar_Web_Elevation.dxf,2960,928b99bf25d4d36b831d064b63d70656805b085be502df8f75e22ab7469f1e90
02_GENERATED_ENGINEERING_FILES/02_DRAWINGS_DXF/OWU-1301_V_Joiner_Profile.dxf,6508,9820a85f5b9460c1317da25fabbb252c4954427dc03e604bf09f7c30c4aed133
02_GENERATED_ENGINEERING_FILES/02_DRAWINGS_DXF/SVG_PREVIEWS/OWU-1000_Full_Wing_General_Arrangement.svg,639,2193446597fc0771eb64cba08e61ab962090a8b6a803fbecd4931945db29d997
02_GENERATED_ENGINEERING_FILES/02_DRAWINGS_DXF/SVG_PREVIEWS/OWU-11200_Rib_X000.svg,3748,e593414d787498fc4542f2a54cc1455a412557acda0e8a1f061adda073ae8a64
02_GENERATED_ENGINEERING_FILES/02_DRAWINGS_DXF/SVG_PREVIEWS/OWU-11201_Rib_X025.svg,6236,77dd392d2f8a16a909e7e9ee1734fa9d07a350cb6ca44d57cf5deb357cfb2990
02_GENERATED_ENGINEERING_FILES/02_DRAWINGS_DXF/SVG_PREVIEWS/OWU-11202_Rib_X075.svg,4972,96742cc4043e57807cb51252b91b24a63c5841344c49ab7a797fea7697a7ee5d
02_GENERATED_ENGINEERING_FILES/02_DRAWINGS_DXF/SVG_PREVIEWS/OWU-11203_Rib_X150.svg,4837,d0c145e2afa63969454719d75e27ff0372ef7b471d0bf426afe395df4179e685
02_GENERATED_ENGINEERING_FILES/02_DRAWINGS_DXF/SVG_PREVIEWS/OWU-11204_Rib_X225.svg,5172,2637e382bced0a1dfce67de873df53c9043d0f721b06bffb261d8fcc1c8a27f1
02_GENERATED_ENGINEERING_FILES/02_DRAWINGS_DXF/SVG_PREVIEWS/OWU-11205_Rib_X300.svg,3954,ebc45baae25dc45a490fc93170993c6582c3b3b0085fe0f98f88b5261e05b583
02_GENERATED_ENGINEERING_FILES/02_DRAWINGS_DXF/SVG_PREVIEWS/OWU-11206_Rib_X330.svg,5151,93abd3971a9fea186147b57c62d8df5b919dde943df4abdcd85898ac81bd07c8
02_GENERATED_ENGINEERING_FILES/02_DRAWINGS_DXF/SVG_PREVIEWS/OWU-11207_Rib_X390.svg,5240,e7a9fd2ddefa12b768972ecd7555eb7982e91e173b7dd65d5dbd246472bcaa36
02_GENERATED_ENGINEERING_FILES/02_DRAWINGS_DXF/SVG_PREVIEWS/OWU-11208_Rib_X450.svg,4702,0a0c9eed2aa2f62672685de523602840f1a4c01f0ed39e8d9bb9ab82f1aa706b
02_GENERATED_ENGINEERING_FILES/02_DRAWINGS_DXF/SVG_PREVIEWS/OWU-11209_Rib_X510.svg,5076,c4c795e66718220ba1b74c2f649174378f1ca056cf07806efd82663d451237de
02_GENERATED_ENGINEERING_FILES/02_DRAWINGS_DXF/SVG_PREVIEWS/OWU-11210_Rib_X570.svg,5109,ec71527093a8436f4ad4d56249e3c26b4aaa2400f4780dfec60b80b751fe48f3
02_GENERATED_ENGINEERING_FILES/02_DRAWINGS_DXF/SVG_PREVIEWS/OWU-11211_Rib_X600.svg,3958,f30d576b2a412e3cd37820a393004f24525b7fec2670387581d8f49af9efe4c7
02_GENERATED_ENGINEERING_FILES/02_DRAWINGS_DXF/SVG_PREVIEWS/OWU-1130_Main_Spar_Web_Elevation.svg,1459,1db415f91acf3623eeaa6d47fc73422d1ea58a4e8f4e139b93a6f62300a56fea
02_GENERATED_ENGINEERING_FILES/02_DRAWINGS_DXF/SVG_PREVIEWS/OWU-1140_Rear_Spar_Web_Elevation.svg,1468,7bf73c02ce2fa4ca78bffdc2d87a068cc91d5768d5e3fbce8939dd44aa250248
02_GENERATED_ENGINEERING_FILES/02_DRAWINGS_DXF/SVG_PREVIEWS/OWU-1301_V_Joiner_Profile.svg,3274,18f9f758ae6d56fea0bf466010237de7883c9301402881f13769d1ad3c0eb557
02_GENERATED_ENGINEERING_FILES/03_OPENVSP/RUN_OPENVSP_GENERATOR.bat,110,63d46f95e4ed924b795f98fd4cad6698b949d137279ffb7bd2903bf091dd5d3f
02_GENERATED_ENGINEERING_FILES/03_OPENVSP/generate_openwing.vspscript,2529,e6e7481fae8efbae122bf7040af3d94936e35f17d9880c2d000f0d6c85083c33
02_GENERATED_ENGINEERING_FILES/03_OPENVSP/generate_openwing_vsp.py,1860,26620a3ae8de8224ec38d1c22a2e6120c8df74108b047931281edbf00ecdaaf9
02_GENERATED_ENGINEERING_FILES/04_AERODYNAMIC_SOLVER/OWU_LiftingLine_AlphaSweep.csv,1923,7f5f0fc957f554658e90403c11b6f2be60c84118ee94a02caff2ff562a4acfc9
02_GENERATED_ENGINEERING_FILES/04_AERODYNAMIC_SOLVER/OWU_LiftingLine_Cruise_SpanLoads.csv,1917,94a2ed4daa5014dc3d21672e30c49d48e3ed588e8718da7eabbd21494e9c5daa
02_GENERATED_ENGINEERING_FILES/04_AERODYNAMIC_SOLVER/run_lifting_line_solver.py,746,63d3fd06b0a1279b8356233bc7fbf32e95995ad089308313bfadebe0dac68565
02_GENERATED_ENGINEERING_FILES/05_NEUTRAL_FEA/OWU_BeamFEA_Modal.csv,578,13efdb7a2087370b5381bb2dd187271b6e5977236cefea42250b1f8489d42dda
02_GENERATED_ENGINEERING_FILES/05_NEUTRAL_FEA/OWU_BeamFEA_NegativeUltimate.csv,1447,35e182f868d5b9c39749238f1a58862d1eb7e313f33a662fbf8d5e93d1fcaf11
02_GENERATED_ENGINEERING_FILES/05_NEUTRAL_FEA/OWU_BeamFEA_PositiveUltimate.csv,1416,164436ff98823948c12ea60b24948aaa27e046dfcb90d90865d366b1ebfbfb80
02_GENERATED_ENGINEERING_FILES/05_NEUTRAL_FEA/OWU_BeamFEA_PositiveUltimate.vtk,940,1d89458d0328a666f95978197b9eec0d2a348b483e46f240ea57a867afce14dc
02_GENERATED_ENGINEERING_FILES/05_NEUTRAL_FEA/OWU_Equivalent_Wing_Beam.inp,876,93c1f12089df391149e0a84a7cef5ceb55d45434847b84e1e32287704862ec8b
02_GENERATED_ENGINEERING_FILES/06_CAM_GCODE_UNVERIFIED/CAM_SAFETY_README.txt,372,5f133f7514ca558bff9c745b55d9b0b00033bfaab7b5627640e641a3b2afa515
02_GENERATED_ENGINEERING_FILES/06_CAM_GCODE_UNVERIFIED/OWU_Rib_X000_T02_2mm.nc,51868,6ebbf18e975c85d39129122655495af30ce75f257b005366c1e9644594151a54
02_GENERATED_ENGINEERING_FILES/06_CAM_GCODE_UNVERIFIED/OWU_Rib_X025_T02_2mm.nc,51013,017aef38bd695703c8ce75c2991d0a0009a5847d147afef177a9dce11c8d4f21
02_GENERATED_ENGINEERING_FILES/06_CAM_GCODE_UNVERIFIED/OWU_Rib_X075_T02_2mm.nc,49061,79df3d2497d5279fbf7e3902d777123d7b8de8016bff086b08ac3d6ea740e7a4
02_GENERATED_ENGINEERING_FILES/06_CAM_GCODE_UNVERIFIED/OWU_Rib_X150_T02_2mm.nc,46590,c87047b8f678218f5c64bb23a51b076618560847b64d4db3b23742242c735f82
02_GENERATED_ENGINEERING_FILES/06_CAM_GCODE_UNVERIFIED/OWU_Rib_X225_T02_2mm.nc,45602,ee4da9a92c9117e64af96da3bc1d947e983e3a784bc1ef22efe6b0ba8d72e381
02_GENERATED_ENGINEERING_FILES/06_CAM_GCODE_UNVERIFIED/OWU_Rib_X300_T02_2mm.nc,44386,eaf6bb1ca8e04faa568a8656a90e6c4536e034609d4807179febb263f553cbf0
02_GENERATED_ENGINEERING_FILES/06_CAM_GCODE_UNVERIFIED/OWU_Rib_X330_T02_2mm.nc,43946,ae65695671a3e671c7747dde717df725551b36c5255050bf0b4e5ce6a977eb52
02_GENERATED_ENGINEERING_FILES/06_CAM_GCODE_UNVERIFIED/OWU_Rib_X390_T02_2mm.nc,43054,2a8256ccbe81fc7e5c404aa081505b8fffc0f81bbeeefe9a04f9131d1f37d700
02_GENERATED_ENGINEERING_FILES/06_CAM_GCODE_UNVERIFIED/OWU_Rib_X450_T02_2mm.nc,41618,b47cce08a65363a14522de1dc9800b5d8e38efccc5718d5024beecea32117ae8
02_GENERATED_ENGINEERING_FILES/06_CAM_GCODE_UNVERIFIED/OWU_Rib_X510_T02_2mm.nc,40173,dda410b1df099e3cd7e9c79a7a9dc8ca8bd942fb36be369832dd8ad36010c541
02_GENERATED_ENGINEERING_FILES/06_CAM_GCODE_UNVERIFIED/OWU_Rib_X570_T02_2mm.nc,38265,79762811e56a0c6b36c501d678c815ae359c07f4a411606eccf0e4a8c749d4d6
02_GENERATED_ENGINEERING_FILES/06_CAM_GCODE_UNVERIFIED/OWU_Rib_X600_T02_2mm.nc,37205,ded17facaaa98ade0acfd5e6534e9b11605f2d8ecbf5edea74466ec52e3568e0
02_GENERATED_ENGINEERING_FILES/06_CAM_GCODE_UNVERIFIED/OWU_V_Joiner_T03_3mm.nc,99224,8926fa13a1d1265e849b17ad4706fe2022f893a2d9abbe4fce8cde5726737e2e
02_GENERATED_ENGINEERING_FILES/07_SOLIDWORKS_NATIVE_GENERATOR/RUN_GENERATOR.bat,52,9205f23015c4372ebc622e537a8c4369c768d4b6fe3a0c042fee1dbd11b159be
02_GENERATED_ENGINEERING_FILES/07_SOLIDWORKS_NATIVE_GENERATOR/generate_native_solidworks.py,2558,b1c2f7c032cba0fc7c591005306a8aeb731a06cabb2eb1439134d1508d0a4341
02_GENERATED_ENGINEERING_FILES/07_SOLIDWORKS_NATIVE_GENERATOR/solidworks_config.json,196,546ad0d748eb5764aa3d92c37e3f7c083ab02f751115e9f6c23ca340751f5b42
02_GENERATED_ENGINEERING_FILES/08_DOCUMENTATION/GEOMETRY_VALIDATION.json,5392,0dbc7484b7d2e7888312c4046f6037917e8196c318b56ff1c84aa2115bd0fbd6
02_GENERATED_ENGINEERING_FILES/08_DOCUMENTATION/NATIVE_FILE_STATUS.csv,705,46af1e05ea3c1a02daa0d349b692399c80c275f7abedc70663f002e3cdd1a6b7
02_GENERATED_ENGINEERING_FILES/08_DOCUMENTATION/README_FIRST.md,1956,fd45539070b132c7c89f0ee9803ee932e7ce754d84b0f7481d391c6ea39a7d61
02_GENERATED_ENGINEERING_FILES/09_MANIFEST/BUILD_SUMMARY.json,220,450b51eb81fa7fd209cb919e0e0e7e56d2da219d6155e97b00f7022baab6485a
02_GENERATED_ENGINEERING_FILES/09_MANIFEST/FORMAT_VALIDATION.json,124,0a7fe2b0406d83b5ff74fa9101917d68afda6c946a76cd5d4e9250a4ba093aba
README_FIRST.md,1217,9197fff0756634436785e4fdf9f2ecdde17d213a31a39a2f7a518d6e2894ce19
